local_time,y_true,y_hat
2025-08-28 03:00:00+10:00,508.84339942296674,462.7775984430811
2025-08-28 04:00:00+10:00,516.9801023700604,476.2937909383357
2025-08-28 05:00:00+10:00,528.5606030715941,488.6599662178539
2025-08-28 06:00:00+10:00,517.9417633851014,524.4343162221858
2025-08-28 07:00:00+10:00,457.7281711879167,489.54850114016546
2025-08-28 08:00:00+10:00,381.1572263412333,436.59859787135076
2025-08-28 09:00:00+10:00,339.22710233559206,322.8385559919629
2025-08-28 10:00:00+10:00,270.74457168187644,304.03777202826154
2025-08-28 11:00:00+10:00,246.51194115653627,295.3873952780128
2025-08-28 12:00:00+10:00,254.2222200249576,284.5596800173031
2025-08-28 13:00:00+10:00,257.10670062398566,264.3951655883197
2025-08-28 14:00:00+10:00,262.31060375321,284.868122763491
2025-08-28 15:00:00+10:00,287.9246515326032,279.17821646451625
2025-08-28 16:00:00+10:00,376.4826620981482,355.4089835826844
2025-08-28 17:00:00+10:00,477.3606056530772,457.757856916369
2025-08-28 18:00:00+10:00,546.1922345774201,524.1095347191094
2025-08-28 19:00:00+10:00,546.389893080744,566.5134314835774
2025-08-28 20:00:00+10:00,563.0044690569882,552.1776061765885
2025-08-28 21:00:00+10:00,570.611897084616,559.9126237329219
2025-08-28 22:00:00+10:00,577.9505496234094,572.3469764095798
2025-08-28 23:00:00+10:00,572.7465882481149,572.4749030607915
2025-08-29 00:00:00+10:00,557.1171215341324,548.0060808065869
2025-08-29 01:00:00+10:00,554.205217876232,538.1390380623693
2025-08-29 02:00:00+10:00,531.7185137908303,539.453564488599
2025-08-29 03:00:00+10:00,521.3392651499303,489.2256295988674
2025-08-29 04:00:00+10:00,521.1313062538126,502.93238050008347
2025-08-29 05:00:00+10:00,537.4974805675478,503.76937675951655
2025-08-29 06:00:00+10:00,513.7773375791954,520.1473922151855
2025-08-29 07:00:00+10:00,453.1653823444127,462.21350818715126
2025-08-29 08:00:00+10:00,361.39845111873126,389.4194712570333
2025-08-29 09:00:00+10:00,305.8165165480371,310.16266115049643
2025-08-29 10:00:00+10:00,252.73327622243173,268.7626703492178
2025-08-29 11:00:00+10:00,235.36494168922863,253.77708407444797
2025-08-29 12:00:00+10:00,241.08066576459672,250.72755217694026
2025-08-29 13:00:00+10:00,261.7760989723988,249.07817378251383
2025-08-29 14:00:00+10:00,274.46180700088547,277.71480481406985
2025-08-29 15:00:00+10:00,313.0001139800962,295.3063948179736
2025-08-29 16:00:00+10:00,390.05422662806666,359.06648662422543
2025-08-29 17:00:00+10:00,474.7742311375145,489.43154866200126
2025-08-29 18:00:00+10:00,536.3414485342274,521.7105733301864
2025-08-29 19:00:00+10:00,547.9606010290186,549.2982692481309
2025-08-29 20:00:00+10:00,538.0798964405855,566.3793095813118
2025-08-29 21:00:00+10:00,549.4786212174815,549.6434410475725
2025-08-29 22:00:00+10:00,541.0599511405123,557.7755658496552
2025-08-29 23:00:00+10:00,524.3140431740544,545.7566764213221
2025-08-30 00:00:00+10:00,500.8730053231546,525.0201724066179
2025-08-30 01:00:00+10:00,485.3451163099466,501.54575893108307
2025-08-30 02:00:00+10:00,486.9537302743696,492.41040922446655
2025-08-30 03:00:00+10:00,485.5607587889292,490.9827051017003
2025-08-30 04:00:00+10:00,486.7976942506557,492.7699276884714
2025-08-30 05:00:00+10:00,490.96507414052064,489.9213390236742
2025-08-30 06:00:00+10:00,493.5551865609588,487.24779060200694
2025-08-30 07:00:00+10:00,422.40309291128847,437.67778274511716
2025-08-30 08:00:00+10:00,318.3000231258575,352.03899500090006
2025-08-30 09:00:00+10:00,289.0073684343559,277.31839629577263
2025-08-30 10:00:00+10:00,240.8053523746468,257.75996534815977
2025-08-30 11:00:00+10:00,229.2966335533704,232.86087561380822
2025-08-30 12:00:00+10:00,231.4758801576401,245.4339636361095
2025-08-30 13:00:00+10:00,238.46536806436325,255.6913170402702
2025-08-30 14:00:00+10:00,254.4577711567581,266.23161046226943
2025-08-30 15:00:00+10:00,279.6002034058365,278.06499508775295
2025-08-30 16:00:00+10:00,370.39651039065416,346.6779989396413
2025-08-30 17:00:00+10:00,502.7335185804423,454.77475653308676
2025-08-30 18:00:00+10:00,584.2549917409622,559.9615256163975
2025-08-30 19:00:00+10:00,584.2926298637124,573.74255216453
2025-08-30 20:00:00+10:00,586.1580933723905,578.031299831104
2025-08-30 21:00:00+10:00,596.11139324628,570.2399674036247
2025-08-30 22:00:00+10:00,604.3206653032747,575.1292972036113
2025-08-30 23:00:00+10:00,621.7430048528596,559.963184899085
2025-08-31 00:00:00+10:00,629.6678801120975,604.9485725495874
2025-08-31 01:00:00+10:00,655.398410804203,584.496575638538
2025-08-31 02:00:00+10:00,672.0098850282333,621.3010581139678
2025-08-31 03:00:00+10:00,675.2397351797383,666.7433329896901
2025-08-31 04:00:00+10:00,682.0082716311344,673.1758827019785
2025-08-31 05:00:00+10:00,685.4907205479996,682.3495558588985
2025-08-31 06:00:00+10:00,666.8110640937991,672.0167892945815
2025-08-31 07:00:00+10:00,584.7015603277017,589.7055413607978
2025-08-31 08:00:00+10:00,436.9218349919906,508.62554973328827
2025-08-31 09:00:00+10:00,335.795898376763,379.75938304666255
2025-08-31 10:00:00+10:00,293.14150638983045,284.09207586797004
2025-08-31 11:00:00+10:00,253.38687704749103,276.58218370119135
2025-08-31 12:00:00+10:00,248.5854444297852,265.89202544503775
2025-08-31 13:00:00+10:00,258.81109566719,263.2781158563622
2025-08-31 14:00:00+10:00,275.28086688288266,264.71096102978083
2025-08-31 15:00:00+10:00,318.6056168316064,320.77026557922045
2025-08-31 16:00:00+10:00,414.6658966463496,370.9714767587652
2025-08-31 17:00:00+10:00,599.1362981069539,552.797943171614
2025-08-31 18:00:00+10:00,597.5615218371171,622.7657541111265
2025-08-31 19:00:00+10:00,635.4582465464299,598.887909935411
2025-08-31 20:00:00+10:00,646.155612785808,645.8989636571762
2025-08-31 21:00:00+10:00,658.6458483366841,652.2241251426732
2025-08-31 22:00:00+10:00,670.0919340640567,663.6248602681227
2025-08-31 23:00:00+10:00,666.4840993850659,684.0731913799651
2025-09-01 00:00:00+10:00,682.4409015732443,661.5622460458804
2025-09-01 01:00:00+10:00,707.0064764836729,683.5004312285575
2025-09-01 02:00:00+10:00,710.0144328098105,710.7695962052768
2025-09-01 03:00:00+10:00,716.6878400985541,718.4822617361195
2025-09-01 04:00:00+10:00,712.9612618236054,715.3396738306074
2025-09-01 05:00:00+10:00,709.0298709890624,715.0195427592369
2025-09-01 06:00:00+10:00,669.5249507930087,698.5390544655
2025-09-01 07:00:00+10:00,619.2940802956425,590.6752398145226
2025-09-01 08:00:00+10:00,567.0481485103197,511.105122470504
2025-09-01 09:00:00+10:00,514.3737050611787,517.778663907954
2025-09-01 10:00:00+10:00,392.5594954928175,416.3820433384037
2025-09-01 11:00:00+10:00,344.8002195534156,341.3367289149966
2025-09-01 12:00:00+10:00,333.7230544250991,314.67947461653654
2025-09-01 13:00:00+10:00,328.8306707441019,313.9533912670869
2025-09-01 14:00:00+10:00,368.0015437376692,331.37196857453114
2025-09-01 15:00:00+10:00,466.47932750262896,391.5916296187987
2025-09-01 16:00:00+10:00,568.5790463513518,502.4420844164199
2025-09-01 17:00:00+10:00,605.8097953473588,638.0028631384603
2025-09-01 18:00:00+10:00,660.7848403195593,616.6211983603189
2025-09-01 19:00:00+10:00,665.8537317626885,666.0375805241918
2025-09-01 20:00:00+10:00,693.014780175671,667.6696643669403
2025-09-01 21:00:00+10:00,715.0022294862858,705.8211831589035
2025-09-01 22:00:00+10:00,729.8470649645399,725.400061909895
2025-09-01 23:00:00+10:00,742.2890483233535,740.8918298037635
2025-09-02 00:00:00+10:00,754.5795732266814,748.6287186140861
2025-09-02 01:00:00+10:00,757.7571537840755,756.6272810199829
2025-09-02 02:00:00+10:00,758.9312071866952,752.7454542974068
2025-09-02 03:00:00+10:00,751.9962089788321,754.4328650535462
2025-09-02 04:00:00+10:00,722.3114686011123,750.2948030229422
2025-09-02 05:00:00+10:00,700.5928370609375,715.9264779492584
2025-09-02 06:00:00+10:00,657.3889884372778,669.9266998820578
2025-09-02 07:00:00+10:00,568.8833531876244,590.3847415513088
2025-09-02 08:00:00+10:00,454.8645490678217,481.72149181861096
2025-09-02 09:00:00+10:00,391.6429612801676,433.10151149360746
2025-09-02 10:00:00+10:00,304.98891169543566,367.86682171670833
2025-09-02 11:00:00+10:00,283.63608027379246,305.11790228307774
2025-09-02 12:00:00+10:00,284.96409378990074,295.7041266299078
2025-09-02 13:00:00+10:00,292.1434184167422,306.4834938427699
2025-09-02 14:00:00+10:00,301.3339195010293,317.92420150408145
2025-09-02 15:00:00+10:00,345.03266657913184,376.8974067196432
2025-09-02 16:00:00+10:00,450.2940667840347,478.21739682731965
2025-09-02 17:00:00+10:00,516.7242475138303,572.1162647528736
2025-09-02 18:00:00+10:00,582.2906004144461,579.8511153568018
2025-09-02 19:00:00+10:00,593.3816677426383,600.6824932591002
2025-09-02 20:00:00+10:00,601.0685218131068,598.503404350681
2025-09-02 21:00:00+10:00,602.859948941595,608.4303090784659
2025-09-02 22:00:00+10:00,601.1896690486666,603.8404030663885
2025-09-02 23:00:00+10:00,599.1578079807098,600.4398010343464
2025-09-03 00:00:00+10:00,602.7852315403792,586.3536982556373
2025-09-03 01:00:00+10:00,611.3251551120202,588.6082134470945
2025-09-03 02:00:00+10:00,631.9728253906765,611.3937758228191
2025-09-03 03:00:00+10:00,606.191290287346,636.0925804920466
2025-09-03 04:00:00+10:00,597.0197184785161,617.1768766079734
2025-09-03 05:00:00+10:00,599.1287734153184,582.7197226801062
2025-09-03 06:00:00+10:00,578.5381661379449,588.4065972619303
2025-09-03 07:00:00+10:00,526.5854399000343,554.1998220536248
2025-09-03 08:00:00+10:00,383.5108811947017,447.2351610180297
2025-09-03 09:00:00+10:00,289.33588980183924,347.7068397987446
2025-09-03 10:00:00+10:00,283.062956360728,264.5647748907611
2025-09-03 11:00:00+10:00,256.95205913979163,257.56927323516703
2025-09-03 12:00:00+10:00,258.19597527974344,252.75358032348913
2025-09-03 13:00:00+10:00,250.1444777331001,262.10059983865636
2025-09-03 14:00:00+10:00,265.1611641682392,277.1075428605697
2025-09-03 15:00:00+10:00,294.48768632364914,315.51459877008085
2025-09-03 16:00:00+10:00,416.9569101443249,361.1767343638881
2025-09-03 17:00:00+10:00,526.1902256161349,543.0998469747799
2025-09-03 18:00:00+10:00,594.9682400079591,572.8054449327929
2025-09-03 19:00:00+10:00,606.425353787133,598.9708501408612
2025-09-03 20:00:00+10:00,618.0231819838463,620.5925142984793
2025-09-03 21:00:00+10:00,633.2841674991661,621.5767827559342
2025-09-03 22:00:00+10:00,635.9975960811468,642.475637441383
2025-09-03 23:00:00+10:00,634.6974603325533,648.8897514075958
2025-09-04 00:00:00+10:00,636.5121616197155,634.8046661577312
2025-09-04 01:00:00+10:00,642.3197708397727,644.2615183771925
2025-09-04 02:00:00+10:00,649.7208303868908,644.1733140265969
2025-09-04 03:00:00+10:00,636.3155215149872,642.2785836871955
