date,need_kwh,charger_kw,hours_exact,best_mean_intensity,worst_mean_intensity,best_kg,worst_kg,saving_kg,saving_pct
2025-06-17,10.0,7.0,1.4285714285714286,576.194015013377,576.194015013377,5.7619401501337695,5.7619401501337695,0.0,0.0
2025-06-18,10.0,7.0,1.4285714285714286,603.6027392293427,603.6027392293427,6.036027392293427,6.036027392293427,0.0,0.0
2025-06-19,10.0,7.0,1.4285714285714286,575.2226011667974,575.2226011667974,5.7522260116679735,5.7522260116679735,0.0,0.0
2025-06-20,10.0,7.0,1.4285714285714286,603.728092060614,603.728092060614,6.03728092060614,6.03728092060614,0.0,0.0
2025-06-21,10.0,7.0,1.4285714285714286,584.7569085928195,584.7569085928195,5.847569085928195,5.847569085928195,0.0,0.0
2025-06-22,10.0,7.0,1.4285714285714286,532.7594658824898,532.7594658824898,5.327594658824899,5.327594658824899,0.0,0.0
2025-06-23,10.0,7.0,1.4285714285714286,487.5670829522433,487.5670829522433,4.875670829522433,4.875670829522433,0.0,0.0
2025-06-24,10.0,7.0,1.4285714285714286,492.4718981165222,492.4718981165222,4.924718981165222,4.924718981165222,0.0,0.0
2025-06-25,10.0,7.0,1.4285714285714286,495.45637659013215,495.45637659013215,4.954563765901322,4.954563765901322,0.0,0.0
2025-06-26,10.0,7.0,1.4285714285714286,596.3142976027815,596.3142976027815,5.963142976027815,5.963142976027815,0.0,0.0
2025-06-27,10.0,7.0,1.4285714285714286,624.8060386140845,624.8060386140845,6.248060386140845,6.248060386140845,0.0,0.0
2025-06-28,10.0,7.0,1.4285714285714286,646.6331135915359,646.6331135915359,6.466331135915359,6.466331135915359,0.0,0.0
2025-06-29,10.0,7.0,1.4285714285714286,672.251665330322,672.251665330322,6.72251665330322,6.72251665330322,0.0,0.0
2025-06-30,10.0,7.0,1.4285714285714286,653.3834686800325,653.3834686800325,6.533834686800325,6.533834686800325,0.0,0.0
2025-07-01,10.0,7.0,1.4285714285714286,594.8476363265,594.8476363265,5.948476363265,5.948476363265,0.0,0.0
2025-07-02,10.0,7.0,1.4285714285714286,583.0615741048654,583.0615741048654,5.830615741048654,5.830615741048654,0.0,0.0
2025-07-03,10.0,7.0,1.4285714285714286,605.1799306028669,605.1799306028669,6.051799306028669,6.051799306028669,0.0,0.0
2025-07-04,10.0,7.0,1.4285714285714286,556.095503396661,556.095503396661,5.56095503396661,5.56095503396661,0.0,0.0
2025-07-05,10.0,7.0,1.4285714285714286,536.9632350310113,536.9632350310113,5.369632350310113,5.369632350310113,0.0,0.0
2025-07-06,10.0,7.0,1.4285714285714286,612.7954311258799,612.7954311258799,6.127954311258799,6.127954311258799,0.0,0.0
2025-07-07,10.0,7.0,1.4285714285714286,592.5310102665591,592.5310102665591,5.92531010266559,5.92531010266559,0.0,0.0
2025-07-08,10.0,7.0,1.4285714285714286,525.0219563939258,525.0219563939258,5.250219563939258,5.250219563939258,0.0,0.0
2025-07-09,10.0,7.0,1.4285714285714286,527.1288783690989,527.1288783690989,5.271288783690989,5.271288783690989,0.0,0.0
2025-07-10,10.0,7.0,1.4285714285714286,503.1004434077008,503.1004434077008,5.031004434077008,5.031004434077008,0.0,0.0
2025-07-11,10.0,7.0,1.4285714285714286,512.7417994218205,512.7417994218205,5.127417994218204,5.127417994218204,0.0,0.0
2025-07-12,10.0,7.0,1.4285714285714286,554.3577479428138,554.3577479428138,5.543577479428139,5.543577479428139,0.0,0.0
2025-07-13,10.0,7.0,1.4285714285714286,502.345943994737,502.345943994737,5.02345943994737,5.02345943994737,0.0,0.0
2025-07-14,10.0,7.0,1.4285714285714286,561.2505227922429,561.2505227922429,5.612505227922429,5.612505227922429,0.0,0.0
2025-07-15,10.0,7.0,1.4285714285714286,614.0917559264827,614.0917559264827,6.140917559264827,6.140917559264827,0.0,0.0
2025-07-16,10.0,7.0,1.4285714285714286,570.5858511853323,570.5858511853323,5.7058585118533225,5.7058585118533225,0.0,0.0
2025-07-17,10.0,7.0,1.4285714285714286,571.7256701635471,571.7256701635471,5.7172567016354705,5.7172567016354705,0.0,0.0
2025-07-18,10.0,7.0,1.4285714285714286,629.1006920541674,629.1006920541674,6.291006920541675,6.291006920541675,0.0,0.0
2025-07-19,10.0,7.0,1.4285714285714286,525.9866267662707,525.9866267662707,5.259866267662707,5.259866267662707,0.0,0.0
2025-07-20,10.0,7.0,1.4285714285714286,592.3361206261783,592.3361206261783,5.923361206261783,5.923361206261783,0.0,0.0
2025-07-21,10.0,7.0,1.4285714285714286,495.5527000849903,495.5527000849903,4.955527000849903,4.955527000849903,0.0,0.0
2025-07-22,10.0,7.0,1.4285714285714286,504.3171906318893,504.3171906318893,5.043171906318893,5.043171906318893,0.0,0.0
2025-07-23,10.0,7.0,1.4285714285714286,561.9085443354936,561.9085443354936,5.619085443354936,5.619085443354936,0.0,0.0
2025-07-24,10.0,7.0,1.4285714285714286,546.7065715483061,546.7065715483061,5.46706571548306,5.46706571548306,0.0,0.0
2025-07-25,10.0,7.0,1.4285714285714286,531.1823681049007,531.1823681049007,5.311823681049007,5.311823681049007,0.0,0.0
2025-07-26,10.0,7.0,1.4285714285714286,563.3954368828929,563.3954368828929,5.633954368828928,5.633954368828928,0.0,0.0
2025-07-27,10.0,7.0,1.4285714285714286,527.9884457422056,527.9884457422056,5.279884457422057,5.279884457422057,0.0,0.0
2025-07-28,10.0,7.0,1.4285714285714286,534.7557366203297,534.7557366203297,5.347557366203296,5.347557366203296,0.0,0.0
2025-07-29,10.0,7.0,1.4285714285714286,633.4006516052501,633.4006516052501,6.334006516052501,6.334006516052501,0.0,0.0
2025-07-30,10.0,7.0,1.4285714285714286,618.5206673802203,618.5206673802203,6.185206673802203,6.185206673802203,0.0,0.0
2025-07-31,10.0,7.0,1.4285714285714286,595.0451997134903,595.0451997134903,5.950451997134904,5.950451997134904,0.0,0.0
2025-08-01,10.0,7.0,1.4285714285714286,632.2575970054571,632.2575970054571,6.322575970054571,6.322575970054571,0.0,0.0
2025-08-02,10.0,7.0,1.4285714285714286,601.7884933256072,601.7884933256072,6.017884933256072,6.017884933256072,0.0,0.0
2025-08-03,10.0,7.0,1.4285714285714286,531.2214367454123,531.2214367454123,5.312214367454124,5.312214367454124,0.0,0.0
2025-08-04,10.0,7.0,1.4285714285714286,493.0417203894843,493.0417203894843,4.930417203894843,4.930417203894843,0.0,0.0
2025-08-05,10.0,7.0,1.4285714285714286,499.2817495261127,499.2817495261127,4.992817495261127,4.992817495261127,0.0,0.0
2025-08-06,10.0,7.0,1.4285714285714286,542.2250892877307,542.2250892877307,5.422250892877308,5.422250892877308,0.0,0.0
2025-08-07,10.0,7.0,1.4285714285714286,612.1729944878485,612.1729944878485,6.121729944878485,6.121729944878485,0.0,0.0
2025-08-08,10.0,7.0,1.4285714285714286,594.2508991388029,594.2508991388029,5.94250899138803,5.94250899138803,0.0,0.0
2025-08-09,10.0,7.0,1.4285714285714286,593.0099025361883,593.0099025361883,5.930099025361883,5.930099025361883,0.0,0.0
2025-08-10,10.0,7.0,1.4285714285714286,583.1731369284904,583.1731369284904,5.8317313692849035,5.8317313692849035,0.0,0.0
2025-08-11,10.0,7.0,1.4285714285714286,544.8772517514323,544.8772517514323,5.448772517514322,5.448772517514322,0.0,0.0
2025-08-12,10.0,7.0,1.4285714285714286,573.4724257498449,573.4724257498449,5.734724257498448,5.734724257498448,0.0,0.0
2025-08-13,10.0,7.0,1.4285714285714286,621.014379314443,621.014379314443,6.21014379314443,6.21014379314443,0.0,0.0
2025-08-14,10.0,7.0,1.4285714285714286,569.191179060156,569.191179060156,5.6919117906015595,5.6919117906015595,0.0,0.0
2025-08-15,10.0,7.0,1.4285714285714286,511.0793875028141,511.0793875028141,5.110793875028141,5.110793875028141,0.0,0.0
2025-08-16,10.0,7.0,1.4285714285714286,530.5038443514267,530.5038443514267,5.305038443514267,5.305038443514267,0.0,0.0
2025-08-17,10.0,7.0,1.4285714285714286,565.7227202521258,565.7227202521258,5.657227202521258,5.657227202521258,0.0,0.0
2025-08-18,10.0,7.0,1.4285714285714286,560.9931691995711,560.9931691995711,5.609931691995711,5.609931691995711,0.0,0.0
2025-08-19,10.0,7.0,1.4285714285714286,562.7201785057147,562.7201785057147,5.627201785057147,5.627201785057147,0.0,0.0
2025-08-20,10.0,7.0,1.4285714285714286,554.2145865189502,554.2145865189502,5.542145865189503,5.542145865189503,0.0,0.0
2025-08-21,10.0,7.0,1.4285714285714286,564.1385266749188,564.1385266749188,5.641385266749189,5.641385266749189,0.0,0.0
2025-08-22,10.0,7.0,1.4285714285714286,558.9998541027439,558.9998541027439,5.589998541027439,5.589998541027439,0.0,0.0
2025-08-23,10.0,7.0,1.4285714285714286,569.0693884630393,569.0693884630393,5.6906938846303925,5.6906938846303925,0.0,0.0
2025-08-24,10.0,7.0,1.4285714285714286,573.8644035741398,573.8644035741398,5.738644035741398,5.738644035741398,0.0,0.0
2025-08-25,10.0,7.0,1.4285714285714286,530.3425818795961,530.3425818795961,5.303425818795961,5.303425818795961,0.0,0.0
2025-08-26,10.0,7.0,1.4285714285714286,495.5720986745659,495.5720986745659,4.955720986745659,4.955720986745659,0.0,0.0
2025-08-27,10.0,7.0,1.4285714285714286,445.7221656189131,445.7221656189131,4.457221656189131,4.457221656189131,0.0,0.0
2025-08-28,10.0,7.0,1.4285714285714286,434.4671870852204,434.4671870852204,4.344671870852204,4.344671870852204,0.0,0.0
2025-08-29,10.0,7.0,1.4285714285714286,427.5981835743431,427.5981835743431,4.275981835743432,4.275981835743432,0.0,0.0
2025-08-30,10.0,7.0,1.4285714285714286,264.70870080012907,614.8466298417444,2.6470870080012907,6.148466298417444,3.501379290416153,56.947198219454734
2025-08-31,10.0,7.0,1.4285714285714286,257.4618200252266,684.4213229162408,2.574618200252266,6.844213229162407,4.269595028910141,62.38255422431735
2025-09-01,10.0,7.0,1.4285714285714286,341.4966880907745,743.4849966778711,3.414966880907745,7.434849966778711,4.0198830858709655,54.06811305988809
2025-09-02,10.0,7.0,1.4285714285714286,290.09842395647945,759.046233304948,2.900984239564795,7.590462333049481,4.689478093484686,61.78119181313006
2025-09-03,10.0,7.0,1.4285714285714286,257.9859890072807,635.9493535040472,2.579859890072807,6.359493535040472,3.779633644967665,59.432934779194035
2025-09-04,10.0,7.0,1.4285714285714286,240.0952353193498,656.354326406038,2.4009523531934978,6.56354326406038,4.162590910866882,63.4198746530665
2025-09-05,10.0,7.0,1.4285714285714286,258.6403076695323,682.6259342082953,2.586403076695323,6.826259342082953,4.23985626538763,62.11097546865084
2025-09-06,10.0,7.0,1.4285714285714286,251.05697540177158,570.7863646881609,2.5105697540177156,5.707863646881609,3.1972938928638936,56.015596914454655
2025-09-07,10.0,7.0,1.4285714285714286,264.45221021281066,555.1400812920924,2.6445221021281067,5.5514008129209245,2.906878710792818,52.36297663874381
2025-09-08,10.0,7.0,1.4285714285714286,232.2676616094662,585.1882751685615,2.322676616094662,5.851882751685616,3.529206135590954,60.308900320574224
2025-09-09,10.0,7.0,1.4285714285714286,308.90628635938714,673.3925973670162,3.0890628635938713,6.7339259736701615,3.6448631100762903,54.126866323268274
2025-09-10,10.0,7.0,1.4285714285714286,491.8430301727133,697.3708905904978,4.918430301727133,6.973708905904978,2.055278604177845,29.471815240775832
2025-09-11,10.0,7.0,1.4285714285714286,486.3575236163065,628.5687634227787,4.863575236163065,6.285687634227787,1.422112398064722,22.624611352317576
2025-09-12,10.0,7.0,1.4285714285714286,438.8287666700327,678.9331411111435,4.388287666700327,6.789331411111435,2.4010437444111083,35.364951259877444
2025-09-13,10.0,7.0,1.4285714285714286,424.0690664465506,720.803610723185,4.2406906644655065,7.20803610723185,2.9673454427663435,41.16718338562698
2025-09-14,10.0,7.0,1.4285714285714286,407.6819266733458,650.7646174775197,4.076819266733458,6.507646174775196,2.4308269080417384,37.35339695424836
2025-06-17,10.0,50.0,0.2,576.194015013377,576.194015013377,5.7619401501337695,5.7619401501337695,0.0,0.0
2025-06-18,10.0,50.0,0.2,603.6027392293427,603.6027392293427,6.036027392293427,6.036027392293427,0.0,0.0
2025-06-19,10.0,50.0,0.2,575.2226011667974,575.2226011667974,5.7522260116679735,5.7522260116679735,0.0,0.0
2025-06-20,10.0,50.0,0.2,603.728092060614,603.728092060614,6.03728092060614,6.03728092060614,0.0,0.0
2025-06-21,10.0,50.0,0.2,584.7569085928195,584.7569085928195,5.847569085928195,5.847569085928195,0.0,0.0
2025-06-22,10.0,50.0,0.2,532.7594658824898,532.7594658824898,5.327594658824899,5.327594658824899,0.0,0.0
2025-06-23,10.0,50.0,0.2,487.5670829522433,487.5670829522433,4.875670829522433,4.875670829522433,0.0,0.0
2025-06-24,10.0,50.0,0.2,492.4718981165222,492.4718981165222,4.924718981165222,4.924718981165222,0.0,0.0
2025-06-25,10.0,50.0,0.2,495.45637659013215,495.45637659013215,4.954563765901322,4.954563765901322,0.0,0.0
2025-06-26,10.0,50.0,0.2,596.3142976027815,596.3142976027815,5.963142976027815,5.963142976027815,0.0,0.0
2025-06-27,10.0,50.0,0.2,624.8060386140845,624.8060386140845,6.248060386140845,6.248060386140845,0.0,0.0
2025-06-28,10.0,50.0,0.2,646.6331135915359,646.6331135915359,6.466331135915359,6.466331135915359,0.0,0.0
2025-06-29,10.0,50.0,0.2,672.251665330322,672.251665330322,6.72251665330322,6.72251665330322,0.0,0.0
2025-06-30,10.0,50.0,0.2,653.3834686800325,653.3834686800325,6.533834686800325,6.533834686800325,0.0,0.0
2025-07-01,10.0,50.0,0.2,594.8476363265,594.8476363265,5.948476363265,5.948476363265,0.0,0.0
2025-07-02,10.0,50.0,0.2,583.0615741048654,583.0615741048654,5.830615741048654,5.830615741048654,0.0,0.0
2025-07-03,10.0,50.0,0.2,605.1799306028669,605.1799306028669,6.051799306028669,6.051799306028669,0.0,0.0
2025-07-04,10.0,50.0,0.2,556.095503396661,556.095503396661,5.56095503396661,5.56095503396661,0.0,0.0
2025-07-05,10.0,50.0,0.2,536.9632350310113,536.9632350310113,5.369632350310113,5.369632350310113,0.0,0.0
2025-07-06,10.0,50.0,0.2,612.7954311258799,612.7954311258799,6.127954311258799,6.127954311258799,0.0,0.0
2025-07-07,10.0,50.0,0.2,592.5310102665591,592.5310102665591,5.92531010266559,5.92531010266559,0.0,0.0
2025-07-08,10.0,50.0,0.2,525.0219563939258,525.0219563939258,5.250219563939258,5.250219563939258,0.0,0.0
2025-07-09,10.0,50.0,0.2,527.1288783690989,527.1288783690989,5.271288783690989,5.271288783690989,0.0,0.0
2025-07-10,10.0,50.0,0.2,503.1004434077008,503.1004434077008,5.031004434077008,5.031004434077008,0.0,0.0
2025-07-11,10.0,50.0,0.2,512.7417994218205,512.7417994218205,5.127417994218204,5.127417994218204,0.0,0.0
2025-07-12,10.0,50.0,0.2,554.3577479428138,554.3577479428138,5.543577479428139,5.543577479428139,0.0,0.0
2025-07-13,10.0,50.0,0.2,502.34594399473707,502.34594399473707,5.023459439947371,5.023459439947371,0.0,0.0
2025-07-14,10.0,50.0,0.2,561.2505227922429,561.2505227922429,5.612505227922429,5.612505227922429,0.0,0.0
2025-07-15,10.0,50.0,0.2,614.0917559264827,614.0917559264827,6.140917559264827,6.140917559264827,0.0,0.0
2025-07-16,10.0,50.0,0.2,570.5858511853323,570.5858511853323,5.7058585118533225,5.7058585118533225,0.0,0.0
2025-07-17,10.0,50.0,0.2,571.7256701635471,571.7256701635471,5.7172567016354705,5.7172567016354705,0.0,0.0
2025-07-18,10.0,50.0,0.2,629.1006920541674,629.1006920541674,6.291006920541675,6.291006920541675,0.0,0.0
2025-07-19,10.0,50.0,0.2,525.9866267662707,525.9866267662707,5.259866267662707,5.259866267662707,0.0,0.0
2025-07-20,10.0,50.0,0.2,592.3361206261783,592.3361206261783,5.923361206261783,5.923361206261783,0.0,0.0
2025-07-21,10.0,50.0,0.2,495.55270008499036,495.55270008499036,4.955527000849904,4.955527000849904,0.0,0.0
2025-07-22,10.0,50.0,0.2,504.3171906318893,504.3171906318893,5.043171906318893,5.043171906318893,0.0,0.0
2025-07-23,10.0,50.0,0.2,561.9085443354936,561.9085443354936,5.619085443354936,5.619085443354936,0.0,0.0
2025-07-24,10.0,50.0,0.2,546.7065715483061,546.7065715483061,5.46706571548306,5.46706571548306,0.0,0.0
2025-07-25,10.0,50.0,0.2,531.1823681049007,531.1823681049007,5.311823681049007,5.311823681049007,0.0,0.0
2025-07-26,10.0,50.0,0.2,563.3954368828929,563.3954368828929,5.633954368828928,5.633954368828928,0.0,0.0
2025-07-27,10.0,50.0,0.2,527.9884457422056,527.9884457422056,5.279884457422057,5.279884457422057,0.0,0.0
2025-07-28,10.0,50.0,0.2,534.7557366203297,534.7557366203297,5.347557366203296,5.347557366203296,0.0,0.0
2025-07-29,10.0,50.0,0.2,633.4006516052501,633.4006516052501,6.334006516052501,6.334006516052501,0.0,0.0
2025-07-30,10.0,50.0,0.2,618.5206673802203,618.5206673802203,6.185206673802203,6.185206673802203,0.0,0.0
2025-07-31,10.0,50.0,0.2,595.0451997134903,595.0451997134903,5.950451997134904,5.950451997134904,0.0,0.0
2025-08-01,10.0,50.0,0.2,632.2575970054571,632.2575970054571,6.322575970054571,6.322575970054571,0.0,0.0
2025-08-02,10.0,50.0,0.2,601.7884933256072,601.7884933256072,6.017884933256072,6.017884933256072,0.0,0.0
2025-08-03,10.0,50.0,0.2,531.2214367454123,531.2214367454123,5.312214367454124,5.312214367454124,0.0,0.0
2025-08-04,10.0,50.0,0.2,493.0417203894843,493.0417203894843,4.930417203894843,4.930417203894843,0.0,0.0
2025-08-05,10.0,50.0,0.2,499.2817495261127,499.2817495261127,4.992817495261127,4.992817495261127,0.0,0.0
2025-08-06,10.0,50.0,0.2,542.2250892877307,542.2250892877307,5.422250892877308,5.422250892877308,0.0,0.0
2025-08-07,10.0,50.0,0.2,612.1729944878485,612.1729944878485,6.121729944878485,6.121729944878485,0.0,0.0
2025-08-08,10.0,50.0,0.2,594.2508991388029,594.2508991388029,5.94250899138803,5.94250899138803,0.0,0.0
2025-08-09,10.0,50.0,0.2,593.0099025361883,593.0099025361883,5.930099025361883,5.930099025361883,0.0,0.0
2025-08-10,10.0,50.0,0.2,583.1731369284904,583.1731369284904,5.8317313692849035,5.8317313692849035,0.0,0.0
2025-08-11,10.0,50.0,0.2,544.8772517514323,544.8772517514323,5.448772517514322,5.448772517514322,0.0,0.0
2025-08-12,10.0,50.0,0.2,573.4724257498449,573.4724257498449,5.734724257498448,5.734724257498448,0.0,0.0
2025-08-13,10.0,50.0,0.2,621.014379314443,621.014379314443,6.21014379314443,6.21014379314443,0.0,0.0
2025-08-14,10.0,50.0,0.2,569.191179060156,569.191179060156,5.6919117906015595,5.6919117906015595,0.0,0.0
2025-08-15,10.0,50.0,0.2,511.0793875028141,511.0793875028141,5.110793875028141,5.110793875028141,0.0,0.0
2025-08-16,10.0,50.0,0.2,530.5038443514267,530.5038443514267,5.305038443514267,5.305038443514267,0.0,0.0
2025-08-17,10.0,50.0,0.2,565.7227202521258,565.7227202521258,5.657227202521258,5.657227202521258,0.0,0.0
2025-08-18,10.0,50.0,0.2,560.9931691995711,560.9931691995711,5.609931691995711,5.609931691995711,0.0,0.0
2025-08-19,10.0,50.0,0.2,562.7201785057147,562.7201785057147,5.627201785057147,5.627201785057147,0.0,0.0
2025-08-20,10.0,50.0,0.2,554.2145865189502,554.2145865189502,5.542145865189503,5.542145865189503,0.0,0.0
2025-08-21,10.0,50.0,0.2,564.1385266749188,564.1385266749188,5.641385266749189,5.641385266749189,0.0,0.0
2025-08-22,10.0,50.0,0.2,558.9998541027439,558.9998541027439,5.589998541027439,5.589998541027439,0.0,0.0
2025-08-23,10.0,50.0,0.2,569.0693884630393,569.0693884630393,5.6906938846303925,5.6906938846303925,0.0,0.0
2025-08-24,10.0,50.0,0.2,573.8644035741398,573.8644035741398,5.738644035741398,5.738644035741398,0.0,0.0
2025-08-25,10.0,50.0,0.2,530.3425818795961,530.3425818795961,5.303425818795961,5.303425818795961,0.0,0.0
2025-08-26,10.0,50.0,0.2,495.5720986745659,495.5720986745659,4.955720986745659,4.955720986745659,0.0,0.0
2025-08-27,10.0,50.0,0.2,445.7221656189131,445.7221656189131,4.457221656189131,4.457221656189131,0.0,0.0
2025-08-28,10.0,50.0,0.2,434.4671870852204,434.4671870852204,4.344671870852204,4.344671870852204,0.0,0.0
2025-08-29,10.0,50.0,0.2,427.5981835743431,427.5981835743431,4.275981835743432,4.275981835743432,0.0,0.0
2025-08-30,10.0,50.0,0.2,257.42044986057846,619.3999556819304,2.5742044986057846,6.193999556819303,3.6197950582135188,58.44035061688524
2025-08-31,10.0,50.0,0.2,257.0827558105627,686.2938700853712,2.570827558105627,6.862938700853712,4.292111142748085,62.5404266282339
2025-09-01,10.0,50.0,0.2,339.88697030541647,748.032081052911,3.3988697030541646,7.48032081052911,4.081451107474946,54.56251424043202
2025-09-02,10.0,50.0,0.2,288.93496360093434,759.1456851229935,2.889349636009343,7.591456851229935,4.702107215220592,61.93945783224437
2025-09-03,10.0,50.0,0.2,256.5671879437841,636.1980304269821,2.5656718794378413,6.36198030426982,3.7963084248319787,59.67180411237835
2025-09-04,10.0,50.0,0.2,240.05360373771921,661.3858904185719,2.4005360373771922,6.613858904185719,4.213322866808527,63.70445647308922
2025-09-05,10.0,50.0,0.2,258.0353863027088,685.5582351626822,2.5803538630270877,6.855582351626822,4.275228488599734,62.36127391256889
2025-09-06,10.0,50.0,0.2,250.74745822098785,572.153890108407,2.5074745822098783,5.72153890108407,3.214064318874192,56.17482244619918
2025-09-07,10.0,50.0,0.2,264.14884124707766,556.5969449525868,2.6414884124707765,5.565969449525868,2.9244810370550915,52.54216832440952
2025-09-08,10.0,50.0,0.2,231.5132265028324,586.9610963609989,2.315132265028324,5.869610963609989,3.554478698581665,60.557313263493576
2025-09-09,10.0,50.0,0.2,304.6673415715861,673.9726320445493,3.046673415715861,6.739726320445493,3.6930529047296323,54.79529478113175
2025-09-10,10.0,50.0,0.2,490.2614017333858,697.5632282912111,4.902614017333858,6.975632282912111,2.073018265578253,29.717998046663546
2025-09-11,10.0,50.0,0.2,478.7966162276824,629.6720263191373,4.787966162276825,6.296720263191373,1.5087541009145484,23.960951699478308
2025-09-12,10.0,50.0,0.2,437.7970108411368,680.5883681821766,4.377970108411367,6.805883681821766,2.4279135734103985,35.67374476139308
2025-09-13,10.0,50.0,0.2,420.49665561110686,721.342887756207,4.204966556111069,7.21342887756207,3.0084623214510007,41.70641136851098
2025-09-14,10.0,50.0,0.2,403.0518455210472,650.901013225863,4.030518455210472,6.509010132258631,2.478491677048159,38.07785864036013
2025-06-17,20.0,7.0,2.857142857142857,576.194015013377,576.194015013377,11.523880300267539,11.523880300267539,0.0,0.0
2025-06-18,20.0,7.0,2.857142857142857,603.6027392293427,603.6027392293427,12.072054784586854,12.072054784586854,0.0,0.0
2025-06-19,20.0,7.0,2.857142857142857,575.2226011667974,575.2226011667974,11.504452023335947,11.504452023335947,0.0,0.0
2025-06-20,20.0,7.0,2.857142857142857,603.728092060614,603.728092060614,12.07456184121228,12.07456184121228,0.0,0.0
2025-06-21,20.0,7.0,2.857142857142857,584.7569085928195,584.7569085928195,11.69513817185639,11.69513817185639,0.0,0.0
2025-06-22,20.0,7.0,2.857142857142857,532.7594658824898,532.7594658824898,10.655189317649798,10.655189317649798,0.0,0.0
2025-06-23,20.0,7.0,2.857142857142857,487.5670829522433,487.5670829522433,9.751341659044867,9.751341659044867,0.0,0.0
2025-06-24,20.0,7.0,2.857142857142857,492.4718981165222,492.4718981165222,9.849437962330445,9.849437962330445,0.0,0.0
2025-06-25,20.0,7.0,2.857142857142857,495.45637659013215,495.45637659013215,9.909127531802644,9.909127531802644,0.0,0.0
2025-06-26,20.0,7.0,2.857142857142857,596.3142976027815,596.3142976027815,11.92628595205563,11.92628595205563,0.0,0.0
2025-06-27,20.0,7.0,2.857142857142857,624.8060386140845,624.8060386140845,12.49612077228169,12.49612077228169,0.0,0.0
2025-06-28,20.0,7.0,2.857142857142857,646.6331135915359,646.6331135915359,12.932662271830718,12.932662271830718,0.0,0.0
2025-06-29,20.0,7.0,2.857142857142857,672.251665330322,672.251665330322,13.44503330660644,13.44503330660644,0.0,0.0
2025-06-30,20.0,7.0,2.857142857142857,653.3834686800325,653.3834686800325,13.06766937360065,13.06766937360065,0.0,0.0
2025-07-01,20.0,7.0,2.857142857142857,594.8476363265,594.8476363265,11.89695272653,11.89695272653,0.0,0.0
2025-07-02,20.0,7.0,2.857142857142857,583.0615741048654,583.0615741048654,11.661231482097309,11.661231482097309,0.0,0.0
2025-07-03,20.0,7.0,2.857142857142857,605.1799306028669,605.1799306028669,12.103598612057338,12.103598612057338,0.0,0.0
2025-07-04,20.0,7.0,2.857142857142857,556.095503396661,556.095503396661,11.12191006793322,11.12191006793322,0.0,0.0
2025-07-05,20.0,7.0,2.857142857142857,536.9632350310113,536.9632350310113,10.739264700620225,10.739264700620225,0.0,0.0
2025-07-06,20.0,7.0,2.857142857142857,612.7954311258799,612.7954311258799,12.255908622517598,12.255908622517598,0.0,0.0
2025-07-07,20.0,7.0,2.857142857142857,592.5310102665591,592.5310102665591,11.85062020533118,11.85062020533118,0.0,0.0
2025-07-08,20.0,7.0,2.857142857142857,525.0219563939258,525.0219563939258,10.500439127878517,10.500439127878517,0.0,0.0
2025-07-09,20.0,7.0,2.857142857142857,527.1288783690989,527.1288783690989,10.542577567381977,10.542577567381977,0.0,0.0
2025-07-10,20.0,7.0,2.857142857142857,503.1004434077008,503.1004434077008,10.062008868154017,10.062008868154017,0.0,0.0
2025-07-11,20.0,7.0,2.857142857142857,512.7417994218205,512.7417994218205,10.254835988436408,10.254835988436408,0.0,0.0
2025-07-12,20.0,7.0,2.857142857142857,554.3577479428138,554.3577479428138,11.087154958856278,11.087154958856278,0.0,0.0
2025-07-13,20.0,7.0,2.857142857142857,502.345943994737,502.345943994737,10.04691887989474,10.04691887989474,0.0,0.0
2025-07-14,20.0,7.0,2.857142857142857,561.2505227922429,561.2505227922429,11.225010455844858,11.225010455844858,0.0,0.0
2025-07-15,20.0,7.0,2.857142857142857,614.0917559264827,614.0917559264827,12.281835118529655,12.281835118529655,0.0,0.0
2025-07-16,20.0,7.0,2.857142857142857,570.5858511853323,570.5858511853323,11.411717023706645,11.411717023706645,0.0,0.0
2025-07-17,20.0,7.0,2.857142857142857,571.7256701635471,571.7256701635471,11.434513403270941,11.434513403270941,0.0,0.0
2025-07-18,20.0,7.0,2.857142857142857,629.1006920541674,629.1006920541674,12.58201384108335,12.58201384108335,0.0,0.0
2025-07-19,20.0,7.0,2.857142857142857,525.9866267662707,525.9866267662707,10.519732535325414,10.519732535325414,0.0,0.0
2025-07-20,20.0,7.0,2.857142857142857,592.3361206261783,592.3361206261783,11.846722412523565,11.846722412523565,0.0,0.0
2025-07-21,20.0,7.0,2.857142857142857,495.5527000849903,495.5527000849903,9.911054001699807,9.911054001699807,0.0,0.0
2025-07-22,20.0,7.0,2.857142857142857,504.3171906318893,504.3171906318893,10.086343812637786,10.086343812637786,0.0,0.0
2025-07-23,20.0,7.0,2.857142857142857,561.9085443354936,561.9085443354936,11.238170886709872,11.238170886709872,0.0,0.0
2025-07-24,20.0,7.0,2.857142857142857,546.7065715483061,546.7065715483061,10.93413143096612,10.93413143096612,0.0,0.0
2025-07-25,20.0,7.0,2.857142857142857,531.1823681049007,531.1823681049007,10.623647362098014,10.623647362098014,0.0,0.0
2025-07-26,20.0,7.0,2.857142857142857,563.3954368828929,563.3954368828929,11.267908737657857,11.267908737657857,0.0,0.0
2025-07-27,20.0,7.0,2.857142857142857,527.9884457422056,527.9884457422056,10.559768914844113,10.559768914844113,0.0,0.0
2025-07-28,20.0,7.0,2.857142857142857,534.7557366203297,534.7557366203297,10.695114732406592,10.695114732406592,0.0,0.0
2025-07-29,20.0,7.0,2.857142857142857,633.4006516052501,633.4006516052501,12.668013032105002,12.668013032105002,0.0,0.0
2025-07-30,20.0,7.0,2.857142857142857,618.5206673802203,618.5206673802203,12.370413347604407,12.370413347604407,0.0,0.0
2025-07-31,20.0,7.0,2.857142857142857,595.0451997134903,595.0451997134903,11.900903994269807,11.900903994269807,0.0,0.0
2025-08-01,20.0,7.0,2.857142857142857,632.2575970054571,632.2575970054571,12.645151940109143,12.645151940109143,0.0,0.0
2025-08-02,20.0,7.0,2.857142857142857,601.7884933256072,601.7884933256072,12.035769866512144,12.035769866512144,0.0,0.0
2025-08-03,20.0,7.0,2.857142857142857,531.2214367454123,531.2214367454123,10.624428734908248,10.624428734908248,0.0,0.0
2025-08-04,20.0,7.0,2.857142857142857,493.0417203894843,493.0417203894843,9.860834407789685,9.860834407789685,0.0,0.0
2025-08-05,20.0,7.0,2.857142857142857,499.2817495261127,499.2817495261127,9.985634990522254,9.985634990522254,0.0,0.0
2025-08-06,20.0,7.0,2.857142857142857,542.2250892877307,542.2250892877307,10.844501785754616,10.844501785754616,0.0,0.0
2025-08-07,20.0,7.0,2.857142857142857,612.1729944878485,612.1729944878485,12.24345988975697,12.24345988975697,0.0,0.0
2025-08-08,20.0,7.0,2.857142857142857,594.2508991388029,594.2508991388029,11.88501798277606,11.88501798277606,0.0,0.0
2025-08-09,20.0,7.0,2.857142857142857,593.0099025361883,593.0099025361883,11.860198050723765,11.860198050723765,0.0,0.0
2025-08-10,20.0,7.0,2.857142857142857,583.1731369284904,583.1731369284904,11.663462738569807,11.663462738569807,0.0,0.0
2025-08-11,20.0,7.0,2.857142857142857,544.8772517514323,544.8772517514323,10.897545035028644,10.897545035028644,0.0,0.0
2025-08-12,20.0,7.0,2.857142857142857,573.4724257498449,573.4724257498449,11.469448514996897,11.469448514996897,0.0,0.0
2025-08-13,20.0,7.0,2.857142857142857,621.014379314443,621.014379314443,12.42028758628886,12.42028758628886,0.0,0.0
2025-08-14,20.0,7.0,2.857142857142857,569.191179060156,569.191179060156,11.383823581203119,11.383823581203119,0.0,0.0
2025-08-15,20.0,7.0,2.857142857142857,511.0793875028141,511.0793875028141,10.221587750056282,10.221587750056282,0.0,0.0
2025-08-16,20.0,7.0,2.857142857142857,530.5038443514267,530.5038443514267,10.610076887028534,10.610076887028534,0.0,0.0
2025-08-17,20.0,7.0,2.857142857142857,565.7227202521258,565.7227202521258,11.314454405042516,11.314454405042516,0.0,0.0
2025-08-18,20.0,7.0,2.857142857142857,560.9931691995711,560.9931691995711,11.219863383991422,11.219863383991422,0.0,0.0
2025-08-19,20.0,7.0,2.857142857142857,562.7201785057147,562.7201785057147,11.254403570114293,11.254403570114293,0.0,0.0
2025-08-20,20.0,7.0,2.857142857142857,554.2145865189502,554.2145865189502,11.084291730379006,11.084291730379006,0.0,0.0
2025-08-21,20.0,7.0,2.857142857142857,564.1385266749188,564.1385266749188,11.282770533498377,11.282770533498377,0.0,0.0
2025-08-22,20.0,7.0,2.857142857142857,558.9998541027439,558.9998541027439,11.179997082054879,11.179997082054879,0.0,0.0
2025-08-23,20.0,7.0,2.857142857142857,569.0693884630393,569.0693884630393,11.381387769260785,11.381387769260785,0.0,0.0
2025-08-24,20.0,7.0,2.857142857142857,573.8644035741398,573.8644035741398,11.477288071482796,11.477288071482796,0.0,0.0
2025-08-25,20.0,7.0,2.857142857142857,530.3425818795961,530.3425818795961,10.606851637591921,10.606851637591921,0.0,0.0
2025-08-26,20.0,7.0,2.857142857142857,495.5720986745659,495.5720986745659,9.911441973491318,9.911441973491318,0.0,0.0
2025-08-27,20.0,7.0,2.857142857142857,445.7221656189131,445.7221656189131,8.914443312378262,8.914443312378262,0.0,0.0
2025-08-28,20.0,7.0,2.857142857142857,434.4671870852204,434.4671870852204,8.689343741704407,8.689343741704407,0.0,0.0
2025-08-29,20.0,7.0,2.857142857142857,427.5981835743431,427.5981835743431,8.551963671486863,8.551963671486863,0.0,0.0
2025-08-30,20.0,7.0,2.857142857142857,299.9777287298763,606.6902997745425,5.999554574597525,12.13380599549085,6.1342514208933245,50.55504779928843
2025-08-31,20.0,7.0,2.857142857142857,260.2274783277968,680.0279014802534,5.204549566555936,13.600558029605068,8.396008463049132,61.73282335013819
2025-09-01,20.0,7.0,2.857142857142857,344.65416435728486,736.3468468123963,6.893083287145697,14.726936936247926,7.833853649102228,53.194046277338835
2025-09-02,20.0,7.0,2.857142857142857,292.93209181497946,758.2180378928813,5.858641836299589,15.164360757857626,9.305718921558036,61.365718411415045
2025-09-03,20.0,7.0,2.857142857142857,260.1452717770548,635.4008890590769,5.202905435541096,12.708017781181537,7.505112345640441,59.05808816819776
2025-09-04,20.0,7.0,2.857142857142857,240.75669301357613,649.5865557226689,4.815133860271522,12.991731114453378,8.176597254181857,62.936934132552544
2025-09-05,20.0,7.0,2.857142857142857,265.63824720867177,676.4495417217803,5.312764944173436,13.528990834435607,8.216225890262171,60.73051560763313
2025-09-06,20.0,7.0,2.857142857142857,251.6437776637086,568.4226800369217,5.032875553274172,11.368453600738434,6.335578047464262,55.729462158800004
2025-09-07,20.0,7.0,2.857142857142857,265.3483474818095,551.9462777182999,5.30696694963619,11.038925554366,5.731958604729809,51.92496839026843
2025-09-08,20.0,7.0,2.857142857142857,235.18663085035575,582.8555038047939,4.703732617007115,11.657110076095877,6.953377459088762,59.64923907982468
2025-09-09,20.0,7.0,2.857142857142857,319.4099916322529,665.973950160495,6.388199832645059,13.3194790032099,6.93127917056484,52.03866584341964
2025-09-10,20.0,7.0,2.857142857142857,494.4303445832073,697.0832106618689,9.888606891664145,13.941664213237377,4.053057321573233,29.071545976017145
2025-09-11,20.0,7.0,2.857142857142857,495.7187353833529,625.1361295880106,9.91437470766706,12.502722591760211,2.5883478840931513,20.702273965503924
2025-09-12,20.0,7.0,2.857142857142857,440.03474890396535,675.8907123005683,8.800694978079308,13.517814246011367,4.717119267932059,34.895576918612534
2025-09-13,20.0,7.0,2.857142857142857,429.3008592140233,717.9910532534593,8.586017184280466,14.359821065069188,5.773803880788721,40.20804893477203
2025-09-14,20.0,7.0,2.857142857142857,417.7357748236034,648.785017616362,8.35471549647207,12.97570035232724,4.62098485585517,35.61260456377894
2025-06-17,20.0,50.0,0.4,576.194015013377,576.194015013377,11.523880300267539,11.523880300267539,0.0,0.0
2025-06-18,20.0,50.0,0.4,603.6027392293427,603.6027392293427,12.072054784586854,12.072054784586854,0.0,0.0
2025-06-19,20.0,50.0,0.4,575.2226011667974,575.2226011667974,11.504452023335947,11.504452023335947,0.0,0.0
2025-06-20,20.0,50.0,0.4,603.728092060614,603.728092060614,12.07456184121228,12.07456184121228,0.0,0.0
2025-06-21,20.0,50.0,0.4,584.7569085928195,584.7569085928195,11.69513817185639,11.69513817185639,0.0,0.0
2025-06-22,20.0,50.0,0.4,532.7594658824898,532.7594658824898,10.655189317649798,10.655189317649798,0.0,0.0
2025-06-23,20.0,50.0,0.4,487.5670829522433,487.5670829522433,9.751341659044867,9.751341659044867,0.0,0.0
2025-06-24,20.0,50.0,0.4,492.4718981165222,492.4718981165222,9.849437962330445,9.849437962330445,0.0,0.0
2025-06-25,20.0,50.0,0.4,495.45637659013215,495.45637659013215,9.909127531802644,9.909127531802644,0.0,0.0
2025-06-26,20.0,50.0,0.4,596.3142976027815,596.3142976027815,11.92628595205563,11.92628595205563,0.0,0.0
2025-06-27,20.0,50.0,0.4,624.8060386140845,624.8060386140845,12.49612077228169,12.49612077228169,0.0,0.0
2025-06-28,20.0,50.0,0.4,646.6331135915359,646.6331135915359,12.932662271830718,12.932662271830718,0.0,0.0
2025-06-29,20.0,50.0,0.4,672.251665330322,672.251665330322,13.44503330660644,13.44503330660644,0.0,0.0
2025-06-30,20.0,50.0,0.4,653.3834686800325,653.3834686800325,13.06766937360065,13.06766937360065,0.0,0.0
2025-07-01,20.0,50.0,0.4,594.8476363265,594.8476363265,11.89695272653,11.89695272653,0.0,0.0
2025-07-02,20.0,50.0,0.4,583.0615741048654,583.0615741048654,11.661231482097309,11.661231482097309,0.0,0.0
2025-07-03,20.0,50.0,0.4,605.1799306028669,605.1799306028669,12.103598612057338,12.103598612057338,0.0,0.0
2025-07-04,20.0,50.0,0.4,556.095503396661,556.095503396661,11.12191006793322,11.12191006793322,0.0,0.0
2025-07-05,20.0,50.0,0.4,536.9632350310113,536.9632350310113,10.739264700620225,10.739264700620225,0.0,0.0
2025-07-06,20.0,50.0,0.4,612.7954311258799,612.7954311258799,12.255908622517598,12.255908622517598,0.0,0.0
2025-07-07,20.0,50.0,0.4,592.5310102665591,592.5310102665591,11.85062020533118,11.85062020533118,0.0,0.0
2025-07-08,20.0,50.0,0.4,525.0219563939258,525.0219563939258,10.500439127878517,10.500439127878517,0.0,0.0
2025-07-09,20.0,50.0,0.4,527.1288783690989,527.1288783690989,10.542577567381977,10.542577567381977,0.0,0.0
2025-07-10,20.0,50.0,0.4,503.1004434077008,503.1004434077008,10.062008868154017,10.062008868154017,0.0,0.0
2025-07-11,20.0,50.0,0.4,512.7417994218205,512.7417994218205,10.254835988436408,10.254835988436408,0.0,0.0
2025-07-12,20.0,50.0,0.4,554.3577479428138,554.3577479428138,11.087154958856278,11.087154958856278,0.0,0.0
2025-07-13,20.0,50.0,0.4,502.34594399473707,502.34594399473707,10.046918879894742,10.046918879894742,0.0,0.0
2025-07-14,20.0,50.0,0.4,561.2505227922429,561.2505227922429,11.225010455844858,11.225010455844858,0.0,0.0
2025-07-15,20.0,50.0,0.4,614.0917559264827,614.0917559264827,12.281835118529655,12.281835118529655,0.0,0.0
2025-07-16,20.0,50.0,0.4,570.5858511853323,570.5858511853323,11.411717023706645,11.411717023706645,0.0,0.0
2025-07-17,20.0,50.0,0.4,571.7256701635471,571.7256701635471,11.434513403270941,11.434513403270941,0.0,0.0
2025-07-18,20.0,50.0,0.4,629.1006920541674,629.1006920541674,12.58201384108335,12.58201384108335,0.0,0.0
2025-07-19,20.0,50.0,0.4,525.9866267662707,525.9866267662707,10.519732535325414,10.519732535325414,0.0,0.0
2025-07-20,20.0,50.0,0.4,592.3361206261783,592.3361206261783,11.846722412523565,11.846722412523565,0.0,0.0
2025-07-21,20.0,50.0,0.4,495.55270008499036,495.55270008499036,9.911054001699808,9.911054001699808,0.0,0.0
2025-07-22,20.0,50.0,0.4,504.3171906318893,504.3171906318893,10.086343812637786,10.086343812637786,0.0,0.0
2025-07-23,20.0,50.0,0.4,561.9085443354936,561.9085443354936,11.238170886709872,11.238170886709872,0.0,0.0
2025-07-24,20.0,50.0,0.4,546.7065715483061,546.7065715483061,10.93413143096612,10.93413143096612,0.0,0.0
2025-07-25,20.0,50.0,0.4,531.1823681049007,531.1823681049007,10.623647362098014,10.623647362098014,0.0,0.0
2025-07-26,20.0,50.0,0.4,563.3954368828929,563.3954368828929,11.267908737657857,11.267908737657857,0.0,0.0
2025-07-27,20.0,50.0,0.4,527.9884457422056,527.9884457422056,10.559768914844113,10.559768914844113,0.0,0.0
2025-07-28,20.0,50.0,0.4,534.7557366203297,534.7557366203297,10.695114732406592,10.695114732406592,0.0,0.0
2025-07-29,20.0,50.0,0.4,633.4006516052501,633.4006516052501,12.668013032105002,12.668013032105002,0.0,0.0
2025-07-30,20.0,50.0,0.4,618.5206673802203,618.5206673802203,12.370413347604407,12.370413347604407,0.0,0.0
2025-07-31,20.0,50.0,0.4,595.0451997134903,595.0451997134903,11.900903994269807,11.900903994269807,0.0,0.0
2025-08-01,20.0,50.0,0.4,632.2575970054571,632.2575970054571,12.645151940109143,12.645151940109143,0.0,0.0
2025-08-02,20.0,50.0,0.4,601.7884933256072,601.7884933256072,12.035769866512144,12.035769866512144,0.0,0.0
2025-08-03,20.0,50.0,0.4,531.2214367454123,531.2214367454123,10.624428734908248,10.624428734908248,0.0,0.0
2025-08-04,20.0,50.0,0.4,493.0417203894843,493.0417203894843,9.860834407789685,9.860834407789685,0.0,0.0
2025-08-05,20.0,50.0,0.4,499.2817495261127,499.2817495261127,9.985634990522254,9.985634990522254,0.0,0.0
2025-08-06,20.0,50.0,0.4,542.2250892877307,542.2250892877307,10.844501785754616,10.844501785754616,0.0,0.0
2025-08-07,20.0,50.0,0.4,612.1729944878485,612.1729944878485,12.24345988975697,12.24345988975697,0.0,0.0
2025-08-08,20.0,50.0,0.4,594.2508991388029,594.2508991388029,11.88501798277606,11.88501798277606,0.0,0.0
2025-08-09,20.0,50.0,0.4,593.0099025361883,593.0099025361883,11.860198050723765,11.860198050723765,0.0,0.0
2025-08-10,20.0,50.0,0.4,583.1731369284904,583.1731369284904,11.663462738569807,11.663462738569807,0.0,0.0
2025-08-11,20.0,50.0,0.4,544.8772517514323,544.8772517514323,10.897545035028644,10.897545035028644,0.0,0.0
2025-08-12,20.0,50.0,0.4,573.4724257498449,573.4724257498449,11.469448514996897,11.469448514996897,0.0,0.0
2025-08-13,20.0,50.0,0.4,621.014379314443,621.014379314443,12.42028758628886,12.42028758628886,0.0,0.0
2025-08-14,20.0,50.0,0.4,569.191179060156,569.191179060156,11.383823581203119,11.383823581203119,0.0,0.0
2025-08-15,20.0,50.0,0.4,511.0793875028141,511.0793875028141,10.221587750056282,10.221587750056282,0.0,0.0
2025-08-16,20.0,50.0,0.4,530.5038443514267,530.5038443514267,10.610076887028534,10.610076887028534,0.0,0.0
2025-08-17,20.0,50.0,0.4,565.7227202521258,565.7227202521258,11.314454405042516,11.314454405042516,0.0,0.0
2025-08-18,20.0,50.0,0.4,560.9931691995711,560.9931691995711,11.219863383991422,11.219863383991422,0.0,0.0
2025-08-19,20.0,50.0,0.4,562.7201785057147,562.7201785057147,11.254403570114293,11.254403570114293,0.0,0.0
2025-08-20,20.0,50.0,0.4,554.2145865189502,554.2145865189502,11.084291730379006,11.084291730379006,0.0,0.0
2025-08-21,20.0,50.0,0.4,564.1385266749188,564.1385266749188,11.282770533498377,11.282770533498377,0.0,0.0
2025-08-22,20.0,50.0,0.4,558.9998541027439,558.9998541027439,11.179997082054879,11.179997082054879,0.0,0.0
2025-08-23,20.0,50.0,0.4,569.0693884630393,569.0693884630393,11.381387769260785,11.381387769260785,0.0,0.0
2025-08-24,20.0,50.0,0.4,573.8644035741398,573.8644035741398,11.477288071482796,11.477288071482796,0.0,0.0
2025-08-25,20.0,50.0,0.4,530.3425818795961,530.3425818795961,10.606851637591921,10.606851637591921,0.0,0.0
2025-08-26,20.0,50.0,0.4,495.5720986745659,495.5720986745659,9.911441973491318,9.911441973491318,0.0,0.0
2025-08-27,20.0,50.0,0.4,445.7221656189131,445.7221656189131,8.914443312378262,8.914443312378262,0.0,0.0
2025-08-28,20.0,50.0,0.4,434.4671870852204,434.4671870852204,8.689343741704407,8.689343741704407,0.0,0.0
2025-08-29,20.0,50.0,0.4,427.5981835743431,427.5981835743431,8.551963671486863,8.551963671486863,0.0,0.0
2025-08-30,20.0,50.0,0.4,257.42044986057846,619.3999556819304,5.148408997211569,12.387999113638607,7.2395901164270375,58.44035061688524
2025-08-31,20.0,50.0,0.4,257.0827558105627,686.2938700853712,5.141655116211254,13.725877401707423,8.58422228549617,62.5404266282339
2025-09-01,20.0,50.0,0.4,339.88697030541647,748.032081052911,6.797739406108329,14.96064162105822,8.162902214949892,54.56251424043202
2025-09-02,20.0,50.0,0.4,288.93496360093434,759.1456851229935,5.778699272018686,15.18291370245987,9.404214430441185,61.93945783224437
2025-09-03,20.0,50.0,0.4,256.5671879437841,636.1980304269821,5.1313437588756825,12.72396060853964,7.5926168496639574,59.67180411237835
2025-09-04,20.0,50.0,0.4,240.05360373771921,661.3858904185719,4.8010720747543845,13.227717808371438,8.426645733617054,63.70445647308922
2025-09-05,20.0,50.0,0.4,258.0353863027088,685.5582351626822,5.160707726054175,13.711164703253644,8.550456977199469,62.36127391256889
2025-09-06,20.0,50.0,0.4,250.74745822098785,572.153890108407,5.014949164419757,11.44307780216814,6.428128637748384,56.17482244619918
2025-09-07,20.0,50.0,0.4,264.14884124707766,556.5969449525868,5.282976824941553,11.131938899051736,5.848962074110183,52.54216832440952
2025-09-08,20.0,50.0,0.4,231.5132265028324,586.9610963609989,4.630264530056648,11.739221927219978,7.10895739716333,60.557313263493576
2025-09-09,20.0,50.0,0.4,304.6673415715861,673.9726320445493,6.093346831431722,13.479452640890987,7.386105809459265,54.79529478113175
2025-09-10,20.0,50.0,0.4,490.2614017333858,697.5632282912111,9.805228034667715,13.951264565824221,4.146036531156506,29.717998046663546
2025-09-11,20.0,50.0,0.4,478.7966162276824,629.6720263191373,9.57593232455365,12.593440526382746,3.017508201829097,23.960951699478308
2025-09-12,20.0,50.0,0.4,437.7970108411368,680.5883681821766,8.755940216822735,13.611767363643532,4.855827146820797,35.67374476139308
2025-09-13,20.0,50.0,0.4,420.49665561110686,721.342887756207,8.409933112222138,14.42685775512414,6.016924642902001,41.70641136851098
2025-09-14,20.0,50.0,0.4,403.0518455210472,650.901013225863,8.061036910420944,13.018020264517261,4.956983354096318,38.07785864036013
2025-06-17,40.0,7.0,5.714285714285714,576.194015013377,576.194015013377,23.047760600535078,23.047760600535078,0.0,0.0
2025-06-18,40.0,7.0,5.714285714285714,603.6027392293427,603.6027392293427,24.144109569173708,24.144109569173708,0.0,0.0
2025-06-19,40.0,7.0,5.714285714285714,575.2226011667974,575.2226011667974,23.008904046671894,23.008904046671894,0.0,0.0
2025-06-20,40.0,7.0,5.714285714285714,603.728092060614,603.728092060614,24.14912368242456,24.14912368242456,0.0,0.0
2025-06-21,40.0,7.0,5.714285714285714,584.7569085928195,584.7569085928195,23.39027634371278,23.39027634371278,0.0,0.0
2025-06-22,40.0,7.0,5.714285714285714,532.7594658824898,532.7594658824898,21.310378635299596,21.310378635299596,0.0,0.0
2025-06-23,40.0,7.0,5.714285714285714,487.5670829522433,487.5670829522433,19.502683318089733,19.502683318089733,0.0,0.0
2025-06-24,40.0,7.0,5.714285714285714,492.4718981165222,492.4718981165222,19.69887592466089,19.69887592466089,0.0,0.0
2025-06-25,40.0,7.0,5.714285714285714,495.45637659013215,495.45637659013215,19.81825506360529,19.81825506360529,0.0,0.0
2025-06-26,40.0,7.0,5.714285714285714,596.3142976027815,596.3142976027815,23.85257190411126,23.85257190411126,0.0,0.0
2025-06-27,40.0,7.0,5.714285714285714,624.8060386140845,624.8060386140845,24.99224154456338,24.99224154456338,0.0,0.0
2025-06-28,40.0,7.0,5.714285714285714,646.6331135915359,646.6331135915359,25.865324543661437,25.865324543661437,0.0,0.0
2025-06-29,40.0,7.0,5.714285714285714,672.251665330322,672.251665330322,26.89006661321288,26.89006661321288,0.0,0.0
2025-06-30,40.0,7.0,5.714285714285714,653.3834686800325,653.3834686800325,26.1353387472013,26.1353387472013,0.0,0.0
2025-07-01,40.0,7.0,5.714285714285714,594.8476363265,594.8476363265,23.79390545306,23.79390545306,0.0,0.0
2025-07-02,40.0,7.0,5.714285714285714,583.0615741048654,583.0615741048654,23.322462964194617,23.322462964194617,0.0,0.0
2025-07-03,40.0,7.0,5.714285714285714,605.1799306028669,605.1799306028669,24.207197224114676,24.207197224114676,0.0,0.0
2025-07-04,40.0,7.0,5.714285714285714,556.095503396661,556.095503396661,22.24382013586644,22.24382013586644,0.0,0.0
2025-07-05,40.0,7.0,5.714285714285714,536.9632350310113,536.9632350310113,21.47852940124045,21.47852940124045,0.0,0.0
2025-07-06,40.0,7.0,5.714285714285714,612.7954311258799,612.7954311258799,24.511817245035196,24.511817245035196,0.0,0.0
2025-07-07,40.0,7.0,5.714285714285714,592.5310102665591,592.5310102665591,23.70124041066236,23.70124041066236,0.0,0.0
2025-07-08,40.0,7.0,5.714285714285714,525.0219563939258,525.0219563939258,21.000878255757033,21.000878255757033,0.0,0.0
2025-07-09,40.0,7.0,5.714285714285714,527.1288783690989,527.1288783690989,21.085155134763955,21.085155134763955,0.0,0.0
2025-07-10,40.0,7.0,5.714285714285714,503.1004434077008,503.1004434077008,20.124017736308033,20.124017736308033,0.0,0.0
2025-07-11,40.0,7.0,5.714285714285714,512.7417994218205,512.7417994218205,20.509671976872816,20.509671976872816,0.0,0.0
2025-07-12,40.0,7.0,5.714285714285714,554.3577479428138,554.3577479428138,22.174309917712556,22.174309917712556,0.0,0.0
2025-07-13,40.0,7.0,5.714285714285714,502.345943994737,502.345943994737,20.09383775978948,20.09383775978948,0.0,0.0
2025-07-14,40.0,7.0,5.714285714285714,561.2505227922429,561.2505227922429,22.450020911689716,22.450020911689716,0.0,0.0
2025-07-15,40.0,7.0,5.714285714285714,614.0917559264827,614.0917559264827,24.56367023705931,24.56367023705931,0.0,0.0
2025-07-16,40.0,7.0,5.714285714285714,570.5858511853323,570.5858511853323,22.82343404741329,22.82343404741329,0.0,0.0
2025-07-17,40.0,7.0,5.714285714285714,571.7256701635471,571.7256701635471,22.869026806541882,22.869026806541882,0.0,0.0
2025-07-18,40.0,7.0,5.714285714285714,629.1006920541674,629.1006920541674,25.1640276821667,25.1640276821667,0.0,0.0
2025-07-19,40.0,7.0,5.714285714285714,525.9866267662707,525.9866267662707,21.039465070650827,21.039465070650827,0.0,0.0
2025-07-20,40.0,7.0,5.714285714285714,592.3361206261783,592.3361206261783,23.69344482504713,23.69344482504713,0.0,0.0
2025-07-21,40.0,7.0,5.714285714285714,495.5527000849903,495.5527000849903,19.822108003399613,19.822108003399613,0.0,0.0
2025-07-22,40.0,7.0,5.714285714285714,504.3171906318893,504.3171906318893,20.17268762527557,20.17268762527557,0.0,0.0
2025-07-23,40.0,7.0,5.714285714285714,561.9085443354936,561.9085443354936,22.476341773419744,22.476341773419744,0.0,0.0
2025-07-24,40.0,7.0,5.714285714285714,546.7065715483061,546.7065715483061,21.86826286193224,21.86826286193224,0.0,0.0
2025-07-25,40.0,7.0,5.714285714285714,531.1823681049007,531.1823681049007,21.247294724196028,21.247294724196028,0.0,0.0
2025-07-26,40.0,7.0,5.714285714285714,563.3954368828929,563.3954368828929,22.535817475315714,22.535817475315714,0.0,0.0
2025-07-27,40.0,7.0,5.714285714285714,527.9884457422056,527.9884457422056,21.119537829688227,21.119537829688227,0.0,0.0
2025-07-28,40.0,7.0,5.714285714285714,534.7557366203297,534.7557366203297,21.390229464813185,21.390229464813185,0.0,0.0
2025-07-29,40.0,7.0,5.714285714285714,633.4006516052501,633.4006516052501,25.336026064210003,25.336026064210003,0.0,0.0
2025-07-30,40.0,7.0,5.714285714285714,618.5206673802203,618.5206673802203,24.740826695208813,24.740826695208813,0.0,0.0
2025-07-31,40.0,7.0,5.714285714285714,595.0451997134903,595.0451997134903,23.801807988539615,23.801807988539615,0.0,0.0
2025-08-01,40.0,7.0,5.714285714285714,632.2575970054571,632.2575970054571,25.290303880218286,25.290303880218286,0.0,0.0
2025-08-02,40.0,7.0,5.714285714285714,601.7884933256072,601.7884933256072,24.071539733024288,24.071539733024288,0.0,0.0
2025-08-03,40.0,7.0,5.714285714285714,531.2214367454123,531.2214367454123,21.248857469816496,21.248857469816496,0.0,0.0
2025-08-04,40.0,7.0,5.714285714285714,493.0417203894843,493.0417203894843,19.72166881557937,19.72166881557937,0.0,0.0
2025-08-05,40.0,7.0,5.714285714285714,499.2817495261127,499.2817495261127,19.971269981044507,19.971269981044507,0.0,0.0
2025-08-06,40.0,7.0,5.714285714285714,542.2250892877307,542.2250892877307,21.689003571509232,21.689003571509232,0.0,0.0
2025-08-07,40.0,7.0,5.714285714285714,612.1729944878485,612.1729944878485,24.48691977951394,24.48691977951394,0.0,0.0
2025-08-08,40.0,7.0,5.714285714285714,594.2508991388029,594.2508991388029,23.77003596555212,23.77003596555212,0.0,0.0
2025-08-09,40.0,7.0,5.714285714285714,593.0099025361883,593.0099025361883,23.72039610144753,23.72039610144753,0.0,0.0
2025-08-10,40.0,7.0,5.714285714285714,583.1731369284904,583.1731369284904,23.326925477139614,23.326925477139614,0.0,0.0
2025-08-11,40.0,7.0,5.714285714285714,544.8772517514323,544.8772517514323,21.795090070057288,21.795090070057288,0.0,0.0
2025-08-12,40.0,7.0,5.714285714285714,573.4724257498449,573.4724257498449,22.938897029993793,22.938897029993793,0.0,0.0
2025-08-13,40.0,7.0,5.714285714285714,621.014379314443,621.014379314443,24.84057517257772,24.84057517257772,0.0,0.0
2025-08-14,40.0,7.0,5.714285714285714,569.191179060156,569.191179060156,22.767647162406238,22.767647162406238,0.0,0.0
2025-08-15,40.0,7.0,5.714285714285714,511.0793875028141,511.0793875028141,20.443175500112563,20.443175500112563,0.0,0.0
2025-08-16,40.0,7.0,5.714285714285714,530.5038443514267,530.5038443514267,21.220153774057067,21.220153774057067,0.0,0.0
2025-08-17,40.0,7.0,5.714285714285714,565.7227202521258,565.7227202521258,22.628908810085033,22.628908810085033,0.0,0.0
2025-08-18,40.0,7.0,5.714285714285714,560.9931691995711,560.9931691995711,22.439726767982844,22.439726767982844,0.0,0.0
2025-08-19,40.0,7.0,5.714285714285714,562.7201785057147,562.7201785057147,22.508807140228587,22.508807140228587,0.0,0.0
2025-08-20,40.0,7.0,5.714285714285714,554.2145865189502,554.2145865189502,22.16858346075801,22.16858346075801,0.0,0.0
2025-08-21,40.0,7.0,5.714285714285714,564.1385266749188,564.1385266749188,22.565541066996754,22.565541066996754,0.0,0.0
2025-08-22,40.0,7.0,5.714285714285714,558.9998541027439,558.9998541027439,22.359994164109757,22.359994164109757,0.0,0.0
2025-08-23,40.0,7.0,5.714285714285714,569.0693884630393,569.0693884630393,22.76277553852157,22.76277553852157,0.0,0.0
2025-08-24,40.0,7.0,5.714285714285714,573.8644035741398,573.8644035741398,22.954576142965593,22.954576142965593,0.0,0.0
2025-08-25,40.0,7.0,5.714285714285714,530.3425818795961,530.3425818795961,21.213703275183843,21.213703275183843,0.0,0.0
2025-08-26,40.0,7.0,5.714285714285714,495.5720986745659,495.5720986745659,19.822883946982635,19.822883946982635,0.0,0.0
2025-08-27,40.0,7.0,5.714285714285714,445.7221656189131,445.7221656189131,17.828886624756525,17.828886624756525,0.0,0.0
2025-08-28,40.0,7.0,5.714285714285714,434.4671870852204,434.4671870852204,17.378687483408815,17.378687483408815,0.0,0.0
2025-08-29,40.0,7.0,5.714285714285714,427.5981835743431,427.5981835743431,17.103927342973726,17.103927342973726,0.0,0.0
2025-08-30,40.0,7.0,5.714285714285714,391.26375251080526,589.7952470402761,15.650550100432211,23.59180988161104,7.941259781178831,33.66108755974994
2025-08-31,40.0,7.0,5.714285714285714,278.2296157850934,675.4481818287034,11.129184631403735,27.017927273148132,15.888742641744397,58.80814794233118
2025-09-01,40.0,7.0,5.714285714285714,374.53435126671565,727.2635458362646,14.981374050668625,29.090541833450583,14.109167782781958,48.50087655142309
2025-09-02,40.0,7.0,5.714285714285714,305.3456807140923,747.7795052106626,12.213827228563693,29.911180208426504,17.697352979862814,59.16634802286123
2025-09-03,40.0,7.0,5.714285714285714,271.798531897776,627.8002037164839,10.87194127591104,25.112008148659356,14.240066872748317,56.7062052084773
2025-09-04,40.0,7.0,5.714285714285714,252.41644324677804,641.8092603178844,10.096657729871122,25.672370412715377,15.575712682844255,60.67111229872913
2025-09-05,40.0,7.0,5.714285714285714,289.9027743408267,666.8995279695322,11.596110973633067,26.675981118781287,15.07987014514822,56.529767651286875
2025-09-06,40.0,7.0,5.714285714285714,261.7134527392341,563.0864071983323,10.468538109569364,22.523456287933293,12.054918178363929,53.52161774932485
2025-09-07,40.0,7.0,5.714285714285714,275.8024781800336,545.6443709863498,11.032099127201343,21.82577483945399,10.793675712252648,49.45380309129346
2025-09-08,40.0,7.0,5.714285714285714,243.4283048065739,571.0169524472925,9.737132192262957,22.8406780978917,13.103545905628744,57.369338377209836
2025-09-09,40.0,7.0,5.714285714285714,331.11960199133847,646.874686961042,13.244784079653538,25.874987478441682,12.630203398788144,48.812403906712134
2025-09-10,40.0,7.0,5.714285714285714,504.68559028728544,693.4779844389499,20.18742361149142,27.739119377557994,7.551695766066576,27.22399245369046
2025-09-11,40.0,7.0,5.714285714285714,507.51423031335304,614.5877710402433,20.30056921253412,24.583510841609733,4.282941629075612,17.42200964162678
2025-09-12,40.0,7.0,5.714285714285714,452.25257809189844,665.1954187652522,18.090103123675938,26.607816750610088,8.51771362693415,32.01207264304708
2025-09-13,40.0,7.0,5.714285714285714,437.595415247895,703.0270290602241,17.503816609915802,28.121081162408963,10.617264552493161,37.75553468650366
2025-09-14,40.0,7.0,5.714285714285714,443.9804080129344,623.4487969787527,17.759216320517375,24.93795187915011,7.178735558632734,28.786387885505004
2025-06-17,40.0,50.0,0.8,576.194015013377,576.194015013377,23.047760600535078,23.047760600535078,0.0,0.0
2025-06-18,40.0,50.0,0.8,603.6027392293427,603.6027392293427,24.144109569173708,24.144109569173708,0.0,0.0
2025-06-19,40.0,50.0,0.8,575.2226011667974,575.2226011667974,23.008904046671894,23.008904046671894,0.0,0.0
2025-06-20,40.0,50.0,0.8,603.728092060614,603.728092060614,24.14912368242456,24.14912368242456,0.0,0.0
2025-06-21,40.0,50.0,0.8,584.7569085928195,584.7569085928195,23.39027634371278,23.39027634371278,0.0,0.0
2025-06-22,40.0,50.0,0.8,532.7594658824898,532.7594658824898,21.310378635299596,21.310378635299596,0.0,0.0
2025-06-23,40.0,50.0,0.8,487.5670829522433,487.5670829522433,19.502683318089733,19.502683318089733,0.0,0.0
2025-06-24,40.0,50.0,0.8,492.4718981165222,492.4718981165222,19.69887592466089,19.69887592466089,0.0,0.0
2025-06-25,40.0,50.0,0.8,495.45637659013215,495.45637659013215,19.81825506360529,19.81825506360529,0.0,0.0
2025-06-26,40.0,50.0,0.8,596.3142976027815,596.3142976027815,23.85257190411126,23.85257190411126,0.0,0.0
2025-06-27,40.0,50.0,0.8,624.8060386140845,624.8060386140845,24.99224154456338,24.99224154456338,0.0,0.0
2025-06-28,40.0,50.0,0.8,646.6331135915359,646.6331135915359,25.865324543661437,25.865324543661437,0.0,0.0
2025-06-29,40.0,50.0,0.8,672.251665330322,672.251665330322,26.89006661321288,26.89006661321288,0.0,0.0
2025-06-30,40.0,50.0,0.8,653.3834686800325,653.3834686800325,26.1353387472013,26.1353387472013,0.0,0.0
2025-07-01,40.0,50.0,0.8,594.8476363265,594.8476363265,23.79390545306,23.79390545306,0.0,0.0
2025-07-02,40.0,50.0,0.8,583.0615741048654,583.0615741048654,23.322462964194617,23.322462964194617,0.0,0.0
2025-07-03,40.0,50.0,0.8,605.1799306028669,605.1799306028669,24.207197224114676,24.207197224114676,0.0,0.0
2025-07-04,40.0,50.0,0.8,556.095503396661,556.095503396661,22.24382013586644,22.24382013586644,0.0,0.0
2025-07-05,40.0,50.0,0.8,536.9632350310113,536.9632350310113,21.47852940124045,21.47852940124045,0.0,0.0
2025-07-06,40.0,50.0,0.8,612.7954311258799,612.7954311258799,24.511817245035196,24.511817245035196,0.0,0.0
2025-07-07,40.0,50.0,0.8,592.5310102665591,592.5310102665591,23.70124041066236,23.70124041066236,0.0,0.0
2025-07-08,40.0,50.0,0.8,525.0219563939258,525.0219563939258,21.000878255757033,21.000878255757033,0.0,0.0
2025-07-09,40.0,50.0,0.8,527.1288783690989,527.1288783690989,21.085155134763955,21.085155134763955,0.0,0.0
2025-07-10,40.0,50.0,0.8,503.1004434077008,503.1004434077008,20.124017736308033,20.124017736308033,0.0,0.0
2025-07-11,40.0,50.0,0.8,512.7417994218205,512.7417994218205,20.509671976872816,20.509671976872816,0.0,0.0
2025-07-12,40.0,50.0,0.8,554.3577479428138,554.3577479428138,22.174309917712556,22.174309917712556,0.0,0.0
2025-07-13,40.0,50.0,0.8,502.34594399473707,502.34594399473707,20.093837759789483,20.093837759789483,0.0,0.0
2025-07-14,40.0,50.0,0.8,561.2505227922429,561.2505227922429,22.450020911689716,22.450020911689716,0.0,0.0
2025-07-15,40.0,50.0,0.8,614.0917559264827,614.0917559264827,24.56367023705931,24.56367023705931,0.0,0.0
2025-07-16,40.0,50.0,0.8,570.5858511853323,570.5858511853323,22.82343404741329,22.82343404741329,0.0,0.0
2025-07-17,40.0,50.0,0.8,571.7256701635471,571.7256701635471,22.869026806541882,22.869026806541882,0.0,0.0
2025-07-18,40.0,50.0,0.8,629.1006920541674,629.1006920541674,25.1640276821667,25.1640276821667,0.0,0.0
2025-07-19,40.0,50.0,0.8,525.9866267662707,525.9866267662707,21.039465070650827,21.039465070650827,0.0,0.0
2025-07-20,40.0,50.0,0.8,592.3361206261783,592.3361206261783,23.69344482504713,23.69344482504713,0.0,0.0
2025-07-21,40.0,50.0,0.8,495.55270008499036,495.55270008499036,19.822108003399617,19.822108003399617,0.0,0.0
2025-07-22,40.0,50.0,0.8,504.3171906318893,504.3171906318893,20.17268762527557,20.17268762527557,0.0,0.0
2025-07-23,40.0,50.0,0.8,561.9085443354936,561.9085443354936,22.476341773419744,22.476341773419744,0.0,0.0
2025-07-24,40.0,50.0,0.8,546.7065715483061,546.7065715483061,21.86826286193224,21.86826286193224,0.0,0.0
2025-07-25,40.0,50.0,0.8,531.1823681049007,531.1823681049007,21.247294724196028,21.247294724196028,0.0,0.0
2025-07-26,40.0,50.0,0.8,563.3954368828929,563.3954368828929,22.535817475315714,22.535817475315714,0.0,0.0
2025-07-27,40.0,50.0,0.8,527.9884457422056,527.9884457422056,21.119537829688227,21.119537829688227,0.0,0.0
2025-07-28,40.0,50.0,0.8,534.7557366203297,534.7557366203297,21.390229464813185,21.390229464813185,0.0,0.0
2025-07-29,40.0,50.0,0.8,633.4006516052501,633.4006516052501,25.336026064210003,25.336026064210003,0.0,0.0
2025-07-30,40.0,50.0,0.8,618.5206673802203,618.5206673802203,24.740826695208813,24.740826695208813,0.0,0.0
2025-07-31,40.0,50.0,0.8,595.0451997134903,595.0451997134903,23.801807988539615,23.801807988539615,0.0,0.0
2025-08-01,40.0,50.0,0.8,632.2575970054571,632.2575970054571,25.290303880218286,25.290303880218286,0.0,0.0
2025-08-02,40.0,50.0,0.8,601.7884933256072,601.7884933256072,24.071539733024288,24.071539733024288,0.0,0.0
2025-08-03,40.0,50.0,0.8,531.2214367454123,531.2214367454123,21.248857469816496,21.248857469816496,0.0,0.0
2025-08-04,40.0,50.0,0.8,493.0417203894843,493.0417203894843,19.72166881557937,19.72166881557937,0.0,0.0
2025-08-05,40.0,50.0,0.8,499.2817495261127,499.2817495261127,19.971269981044507,19.971269981044507,0.0,0.0
2025-08-06,40.0,50.0,0.8,542.2250892877307,542.2250892877307,21.689003571509232,21.689003571509232,0.0,0.0
2025-08-07,40.0,50.0,0.8,612.1729944878485,612.1729944878485,24.48691977951394,24.48691977951394,0.0,0.0
2025-08-08,40.0,50.0,0.8,594.2508991388029,594.2508991388029,23.77003596555212,23.77003596555212,0.0,0.0
2025-08-09,40.0,50.0,0.8,593.0099025361883,593.0099025361883,23.72039610144753,23.72039610144753,0.0,0.0
2025-08-10,40.0,50.0,0.8,583.1731369284904,583.1731369284904,23.326925477139614,23.326925477139614,0.0,0.0
2025-08-11,40.0,50.0,0.8,544.8772517514323,544.8772517514323,21.795090070057288,21.795090070057288,0.0,0.0
2025-08-12,40.0,50.0,0.8,573.4724257498449,573.4724257498449,22.938897029993793,22.938897029993793,0.0,0.0
2025-08-13,40.0,50.0,0.8,621.014379314443,621.014379314443,24.84057517257772,24.84057517257772,0.0,0.0
2025-08-14,40.0,50.0,0.8,569.191179060156,569.191179060156,22.767647162406238,22.767647162406238,0.0,0.0
2025-08-15,40.0,50.0,0.8,511.0793875028141,511.0793875028141,20.443175500112563,20.443175500112563,0.0,0.0
2025-08-16,40.0,50.0,0.8,530.5038443514267,530.5038443514267,21.220153774057067,21.220153774057067,0.0,0.0
2025-08-17,40.0,50.0,0.8,565.7227202521258,565.7227202521258,22.628908810085033,22.628908810085033,0.0,0.0
2025-08-18,40.0,50.0,0.8,560.9931691995711,560.9931691995711,22.439726767982844,22.439726767982844,0.0,0.0
2025-08-19,40.0,50.0,0.8,562.7201785057147,562.7201785057147,22.508807140228587,22.508807140228587,0.0,0.0
2025-08-20,40.0,50.0,0.8,554.2145865189502,554.2145865189502,22.16858346075801,22.16858346075801,0.0,0.0
2025-08-21,40.0,50.0,0.8,564.1385266749188,564.1385266749188,22.565541066996754,22.565541066996754,0.0,0.0
2025-08-22,40.0,50.0,0.8,558.9998541027439,558.9998541027439,22.359994164109757,22.359994164109757,0.0,0.0
2025-08-23,40.0,50.0,0.8,569.0693884630393,569.0693884630393,22.76277553852157,22.76277553852157,0.0,0.0
2025-08-24,40.0,50.0,0.8,573.8644035741398,573.8644035741398,22.954576142965593,22.954576142965593,0.0,0.0
2025-08-25,40.0,50.0,0.8,530.3425818795961,530.3425818795961,21.213703275183843,21.213703275183843,0.0,0.0
2025-08-26,40.0,50.0,0.8,495.5720986745659,495.5720986745659,19.822883946982635,19.822883946982635,0.0,0.0
2025-08-27,40.0,50.0,0.8,445.7221656189131,445.7221656189131,17.828886624756525,17.828886624756525,0.0,0.0
2025-08-28,40.0,50.0,0.8,434.4671870852204,434.4671870852204,17.378687483408815,17.378687483408815,0.0,0.0
2025-08-29,40.0,50.0,0.8,427.5981835743431,427.5981835743431,17.103927342973726,17.103927342973726,0.0,0.0
2025-08-30,40.0,50.0,0.8,257.42044986057846,619.3999556819304,10.296817994423138,24.775998227277213,14.479180232854075,58.44035061688524
2025-08-31,40.0,50.0,0.8,257.0827558105627,686.2938700853712,10.283310232422508,27.451754803414847,17.16844457099234,62.5404266282339
2025-09-01,40.0,50.0,0.8,339.88697030541647,748.032081052911,13.595478812216658,29.92128324211644,16.325804429899783,54.56251424043202
2025-09-02,40.0,50.0,0.8,288.93496360093434,759.1456851229935,11.557398544037373,30.36582740491974,18.80842886088237,61.93945783224437
2025-09-03,40.0,50.0,0.8,256.5671879437841,636.1980304269821,10.262687517751365,25.44792121707928,15.185233699327915,59.67180411237835
2025-09-04,40.0,50.0,0.8,240.05360373771921,661.3858904185719,9.602144149508769,26.455435616742875,16.853291467234108,63.70445647308922
2025-09-05,40.0,50.0,0.8,258.0353863027088,685.5582351626822,10.32141545210835,27.422329406507288,17.100913954398937,62.36127391256889
2025-09-06,40.0,50.0,0.8,250.74745822098785,572.153890108407,10.029898328839513,22.88615560433628,12.856257275496768,56.17482244619918
2025-09-07,40.0,50.0,0.8,264.14884124707766,556.5969449525868,10.565953649883106,22.263877798103472,11.697924148220366,52.54216832440952
2025-09-08,40.0,50.0,0.8,231.5132265028324,586.9610963609989,9.260529060113296,23.478443854439956,14.21791479432666,60.557313263493576
2025-09-09,40.0,50.0,0.8,304.6673415715861,673.9726320445493,12.186693662863444,26.958905281781973,14.77221161891853,54.79529478113175
2025-09-10,40.0,50.0,0.8,490.2614017333858,697.5632282912111,19.61045606933543,27.902529131648443,8.292073062313012,29.717998046663546
2025-09-11,40.0,50.0,0.8,478.7966162276824,629.6720263191373,19.1518646491073,25.186881052765493,6.035016403658194,23.960951699478308
2025-09-12,40.0,50.0,0.8,437.7970108411368,680.5883681821766,17.51188043364547,27.223534727287063,9.711654293641594,35.67374476139308
2025-09-13,40.0,50.0,0.8,420.49665561110686,721.342887756207,16.819866224444276,28.85371551024828,12.033849285804003,41.70641136851098
2025-09-14,40.0,50.0,0.8,403.0518455210472,650.901013225863,16.122073820841887,26.036040529034523,9.913966708192635,38.07785864036013
